short_hash	date	author	type	scope	breaking	subject	files_changed	insertions	deletions	tags	branches	remotes	reachable	reflog_only
4bd6d4b	2025-09-07T03:34:38+08:00	git stash	merge		no	On (no branch): wip:  emp before swi ch  o main	3	307	184				yes	no
cf2c9bd	2025-09-07T03:34:38+08:00	git stash	other		no	index on (no branch): 7ec8266 chore(å‚æ•°): é”å®šé“¶æ²³é»˜è®¤å‚æ•°ä¸ºæŒ‡å®šæ•°å€¼ n n- æ ¸å¿ƒå¯†åº¦: 0.7, æ ¸å¿ƒåŠå¾„: 25 n- æ—‹è‡‚æ•°é‡: 5, æ—‹è‡‚å¯†åº¦: 0.6, èºæ—‹ç´§å¯†åº¦: 0.29 n- å†…ä¾§å®½åº¦: 29, å¤–ä¾§å®½åº¦: 53, å®½åº¦å¢é•¿: 2.5 n- è‡‚é—´åŸºç¡€å¯†åº¦: 0.15, å±±å¡å¹³ç¼“åº¦: 7.3 n- æ·¡åŒ–èµ·å§‹: 0.5, æ·¡åŒ–ç»“æŸ: 1.54 n- èƒŒæ™¯å¯†åº¦: 0.00045 n- å‚ç›´æŠ–åŠ¨å¼ºåº¦: 17, å™ªå£°ç¼©æ”¾: 0.041, å™ªå£°å¼ºåº¦: 0.9 n- æ˜Ÿå¤§å°å€æ•°: æ—‹è‡‚ 0.8, è‡‚é—´ 1, èƒŒæ™¯ 0.7 n nåç»­ä¸å†è½»æ˜“ä¿®æ”¹é»˜è®¤å‚æ•°ï¼Œå¦‚éœ€å˜æ›´å°†å¦è¡Œè¯´æ˜ã€‚	0	0	0				yes	no
49c0fa9	2025-09-07T03:34:38+08:00	git stash	merge		no	un racked files on (no branch): 7ec8266 chore(å‚æ•°): é”å®šé“¶æ²³é»˜è®¤å‚æ•°ä¸ºæŒ‡å®šæ•°å€¼ n n- æ ¸å¿ƒå¯†åº¦: 0.7, æ ¸å¿ƒåŠå¾„: 25 n- æ—‹è‡‚æ•°é‡: 5, æ—‹è‡‚å¯†åº¦: 0.6, èºæ—‹ç´§å¯†åº¦: 0.29 n- å†…ä¾§å®½åº¦: 29, å¤–ä¾§å®½åº¦: 53, å®½åº¦å¢é•¿: 2.5 n- è‡‚é—´åŸºç¡€å¯†åº¦: 0.15, å±±å¡å¹³ç¼“åº¦: 7.3 n- æ·¡åŒ–èµ·å§‹: 0.5, æ·¡åŒ–ç»“æŸ: 1.54 n- èƒŒæ™¯å¯†åº¦: 0.00045 n- å‚ç›´æŠ–åŠ¨å¼ºåº¦: 17, å™ªå£°ç¼©æ”¾: 0.041, å™ªå£°å¼ºåº¦: 0.9 n- æ˜Ÿå¤§å°å€æ•°: æ—‹è‡‚ 0.8, è‡‚é—´ 1, èƒŒæ™¯ 0.7 n nåç»­ä¸å†è½»æ˜“ä¿®æ”¹é»˜è®¤å‚æ•°ï¼Œå¦‚éœ€å˜æ›´å°†å¦è¡Œè¯´æ˜ã€‚	0	0	0				yes	no
7ec8266	2025-09-06T13:31:51+08:00	pot	chore	å‚æ•°	no	chore(å‚æ•°): é”å®šé“¶æ²³é»˜è®¤å‚æ•°ä¸ºæŒ‡å®šæ•°å€¼ n n- æ ¸å¿ƒå¯†åº¦: 0.7, æ ¸å¿ƒåŠå¾„: 25 n- æ—‹è‡‚æ•°é‡: 5, æ—‹è‡‚å¯†åº¦: 0.6, èºæ—‹ç´§å¯†åº¦: 0.29 n- å†…ä¾§å®½åº¦: 29, å¤–ä¾§å®½åº¦: 53, å®½åº¦å¢é•¿: 2.5 n- è‡‚é—´åŸºç¡€å¯†åº¦: 0.15, å±±å¡å¹³ç¼“åº¦: 7.3 n- æ·¡åŒ–èµ·å§‹: 0.5, æ·¡åŒ–ç»“æŸ: 1.54 n- èƒŒæ™¯å¯†åº¦: 0.00045 n- å‚ç›´æŠ–åŠ¨å¼ºåº¦: 17, å™ªå£°ç¼©æ”¾: 0.041, å™ªå£°å¼ºåº¦: 0.9 n- æ˜Ÿå¤§å°å€æ•°: æ—‹è‡‚ 0.8, è‡‚é—´ 1, èƒŒæ™¯ 0.7 n nåç»­ä¸å†è½»æ˜“ä¿®æ”¹é»˜è®¤å‚æ•°ï¼Œå¦‚éœ€å˜æ›´å°†å¦è¡Œè¯´æ˜ã€‚	1	63	22		params-lock-7ec8266;		yes	no
cbb1168	2025-09-06T13:19:47+08:00	pot	feat	è§†è§‰	no	fea (è§†è§‰): æŒ‰æ˜Ÿç³»ç»“æ„åˆ†è‰²å¹¶åŠ å…¥å‰å°å¼€å…³ n n- æ–°å¢ç»“æ„ç€è‰²å¼€å…³ï¼ˆé»˜è®¤å…³é—­ï¼‰ï¼Œå¯ç”¨åæŒ‰æ ¸å¿ƒ/è‡‚è„Š/è‡‚å†…/è‡‚è¾¹/å°˜åŸƒ/å¤–å›´åˆ†ç±»ä¸Šè‰² n- ä¿æŒèƒŒæ™¯å…¨å±ç™½æ˜Ÿã€ä¸éšç¼©æ”¾/æ—‹è½¬ï¼›ä¸»ä½“ä»æŒ‰å·®é€Ÿæ—‹è½¬å‘ˆç° n- ä¿ç•™å›ºå®šéšæœºç§å­ï¼Œä¿è¯åŒå‚æ•°å½¢æ€ä¸€è‡´ n- æœªå¼€å¯å¼€å…³æ—¶ç»´æŒç™½æ˜Ÿé£æ ¼ï¼Œä¾¿äºæ€§èƒ½ä¸å½¢æ€å¯¹æ¯”	1	42	2		params-lock-7ec8266;		yes	no
8582f39	2025-09-06T02:05:22+08:00	pot	feat	visual	no	fea (visual): replace dual-layer spin wi h differen ial ro a ion by radial bands; de erminis ic RNG for s able morphology; keep background full-screen	1	36	22		params-lock-7ec8266;		yes	no
e14b1d5	2025-09-06T01:57:05+08:00	pot	chore	galaxy	no	chore(galaxy): upda e defaul s per la es  user params (galaxyScale=0.68, armDensi y=0.70, spiralB=0.21, inner=55, ou er=101, fade 0.2-1.36, bgDensi y=0.0006, ji  er=16, noiseS reng h=0.9, mul ipliers 0.8/0.9) and sync docs	2	88	57		params-lock-7ec8266;		yes	no
17442cb	2025-09-06T01:35:58+08:00	pot	chore	galaxy	no	chore(galaxy): upda e defaul s per la es   uning (armDensi y=0.65, innerWid h=56, grow h=2.8, bgDensi y=0.00057, noiseScale=0.049, galaxyScale=0.6) and docs	2	18	13		params-lock-7ec8266;		yes	no
3c8d835	2025-09-06T01:18:41+08:00	pot	feat	visual	no	fea (visual): add galaxyScale (defaul  0.618) and apply scale around cen er; expose slider in debug panel	1	6	0		params-lock-7ec8266;		yes	no
a6a062b	2025-09-06T01:06:20+08:00	pot	chore	galaxy	no	chore(galaxy): apply user-adjus ed defaul s (ou erWid h=53, bgDensi y=0.00045, noiseScale=0.006, e c.) and upda e docs/log	3	9	6		params-lock-7ec8266;		yes	no
ea08028	2025-09-06T00:58:22+08:00	pot	feat	debug	no	fea (debug): add pause-ro a ion  oggle in galaxy debug panel (defaul  paused when debugging)	3	92	12		params-lock-7ec8266;		yes	no
daa4cc0	2025-09-06T00:41:40+08:00	pot	chore	galaxy	no	chore(galaxy): se  homepage galaxy defaul s  o user-provided params and upda e doc	2	136	26		params-lock-7ec8266;		yes	no
6b9db23	2025-09-06T00:24:27+08:00	pot	fix	visual	no	fix(visual): align galaxy params  o saved ref and remove glow/overlays	1	31	131		params-lock-7ec8266;		yes	no
7dd6d1a	2025-09-05T23:59:43+08:00	pot	feat	visual	no	fea (visual): ro a ing living galaxy wi h brea hing and 3-arm pale  e	2	210	74		params-lock-7ec8266;		yes	no
2e9bb34	2025-09-05T23:46:02+08:00	pot	feat	galaxy	no	fea (galaxy): living galaxy in egra ion and in erac ion loop	24	19631	28		params-lock-7ec8266;		yes	no
00aaeff	2025-09-05T01:40:21+08:00	codex-cli	style		no	s yle: è°ƒæ•´æœç´¢æ¡†ä¸ç¼–è¾‘æŒ‰é’®é—´è·ä¸º30px n n- é¡¶æ ä½¿ç”¨ gap-[30px] å¹¶ç§»é™¤è¾“å…¥å®¹å™¨ mrï¼Œç¡®ä¿ä¸¤è€…é—´å›ºå®š30pxé—´è· n- ä¿æŒåœ†è§’ä¸è¾¹æ¡†æ ·å¼ä¸å˜	1	3	3		main;	origin/HEAD;origin/main;	yes	no
27adf62	2025-09-05T01:31:58+08:00	codex-cli	style		no	s yle: é¡¶æ æœç´¢æ¡†å®½åº¦ä¸é—´è·ä¼˜åŒ– n n- ä½¿ç”¨ flex-1 + mr-2 + gap-3 æ›¿ä»£å›ºå®š calc å®½åº¦ï¼Œé¿å…ä¸å³ä¾§æŒ‰é’®äº¤å‰ n- ä¿æŒåœ†è§’ä¸è¾¹æ¡†æ ·å¼ä¸å˜ï¼Œæå‡è‡ªé€‚åº”å¸ƒå±€ç¨³å®šæ€§	1	2	2		main;	origin/HEAD;origin/main;	yes	no
fd54381	2025-09-05T01:25:56+08:00	codex-cli	fix		no	fix: ä¾§è¾¹æ æœç´¢æ¡†åœ†è§’è¢«é‡ç½®è¦†ç›–çš„é—®é¢˜ n n- ä¸ºæœç´¢è¾“å…¥å¢åŠ  sidebar-search-inpu  ç±»å¹¶åœ¨å…¨å±€æ ·å¼ä¸­ä»¥ !impor an  å¼ºåˆ¶åœ†è§’ n- å…¼å®¹ iOS çš„è¾“å…¥é‡ç½®ï¼ˆappearance/border-radiusï¼‰ï¼Œç¡®ä¿çœŸæœºåœ†è§’ç”Ÿæ•ˆ n- æ›´æ–°æ–‡æ¡£è®°å½•è¯¥è¦†ç›–ç­–ç•¥	3	16	2		main;	origin/HEAD;origin/main;	yes	no
c209613	2025-09-05T01:17:39+08:00	codex-cli	style		no	s yle: æœç´¢æ¡†åœ†è§’ä¸å®½åº¦å¾®è°ƒ n n- é¡¶æ å®¹å™¨å¢åŠ  gapï¼Œæœç´¢è¾“å…¥æ”¹ä¸º rounded-full å¹¶ç¼©çŸ­æ•´ä½“å®½åº¦ï¼ˆæ¯”æŒ‰é’®å¤šé¢„ç•™ä¸€ä¸ªå›¾æ ‡å®½åº¦ï¼‰ n- é€šè¿‡ calc(100% - 2.5rem) ç²¾å‡†æ§åˆ¶å³ä¾§ç•™ç™½ï¼Œé¿å…ä¸ç¼–è¾‘æŒ‰é’®è´´åˆ	1	2	2		main;	origin/HEAD;origin/main;	yes	no
741251e	2025-09-05T01:13:50+08:00	codex-cli	style		no	s yle: ä¼˜åŒ–ä¾§è¾¹æ æœç´¢æ¡†ä¸æ–°å»ºæŒ‰é’®æ ·å¼ n n- æœç´¢è¾“å…¥æ”¹ä¸ºåœ†è§’å¹¶åŠ è¾¹æ¡†ï¼Œçˆ¶å®¹å™¨åŠ  gap ä¿ç•™ä¸æŒ‰é’®é—´è· n- å°†æ–°å»ºæŒ‰é’®æ›¿æ¢ä¸º lucide-reac  çš„ SquarePen å›¾æ ‡ï¼Œå¹¶å¢å¼º hover/è¾¹æ¡†è§†è§‰ n- æ–‡æ¡£è®°å½•æ ·å¼ä¸å¸ƒå±€çš„è°ƒæ•´	2	9	8		main;	origin/HEAD;origin/main;	yes	no
edf6a0b	2025-09-05T01:09:54+08:00	codex-cli	feat		no	fea : ä¾§è¾¹æ å¸ƒå±€æ”¹ç‰ˆï¼ˆæœç´¢ + æ–°å»ºï¼‰ n n- ç§»é™¤åˆ—è¡¨ä¸Šæ–¹â€œæ–°å»ºä¼šè¯â€æŒ‰é’®ï¼›é¡¶éƒ¨å³ä¾§æ”¹ä¸ºé“…ç¬”å›¾æ ‡å¹¶è§¦å‘æ–°å»º n- é¡¶éƒ¨æ ‡é¢˜æ›¿æ¢ä¸ºæœç´¢æ¡†ï¼Œæ”¯æŒæŒ‰æ ‡é¢˜å…³é”®å­—è¿‡æ»¤ n- ä¿æŒé®ç½©ç‚¹å‡»å¯å…³é—­æŠ½å±‰ n- æ–‡æ¡£è¿½åŠ å¸ƒå±€è°ƒæ•´è®°å½•	2	32	13		main;	origin/HEAD;origin/main;	yes	no
353062b	2025-09-05T01:03:56+08:00	codex-cli	feat		no	fea : ä¾§è¾¹æ æ»šåŠ¨ä¼˜åŒ– n n- DrawerMenu æŠ½å±‰å®¹å™¨æ”¹ä¸º flex åˆ—å¸ƒå±€ï¼Œä¸­éƒ¨åˆ—è¡¨åŒºåŸŸå¯ç”¨ overflow-y-au o å¹¶æ”¯æŒ iOS æƒ¯æ€§æ»šåŠ¨ n- æ–‡æ¡£è¿½åŠ æ»šåŠ¨ä¼˜åŒ–çš„ä¿®æ”¹æ—¥å¿—	2	10	3		main;	origin/HEAD;origin/main;	yes	no
973dd36	2025-09-05T01:01:30+08:00	codex-cli	feat		no	fea : å†å²ä¼šè¯AIæ ‡é¢˜æ€»ç»“ä¸ä¾§è¾¹äº¤äº’ä¿®å¤ n n- ç§»é™¤ä¾§æ å†å²å¯¹è¯é‡å‘½å/åˆ é™¤æŒ‰é’®ï¼Œç‚¹å‡»ç›´æ¥åˆ‡æ¢å¹¶å”¤èµ·æµ®çª— n- æ–°å¢åŸºäºå¼¹å¹•é“¾è·¯çš„ä¼šè¯æ ‡é¢˜AIæ€»ç»“ï¼ˆå–æ¶ˆæ¡æ•°é˜ˆå€¼ï¼Œæ‰€æœ‰ä¼šè¯å‡æ€»ç»“ï¼‰ n- iOS æ’ä»¶ï¼šlis Sessions/sessionsChanged è¿”å› messagesCoun /rawTi le/displayTi le/hasCus omTi leï¼›æ–°å¢ ge SessionSummaryCon ex ï¼›ä¼šè¯å­˜å‚¨å˜æ›´å¹¿æ’­ n- å±•ç¤ºæ ‡é¢˜å…œåº•é€»è¾‘ä¼˜åŒ–ï¼Œä¼˜å…ˆæ˜¾ç¤ºæŒä¹…åŒ–æ ‡é¢˜ï¼›è¿‡æ¸¡å±•ç¤ºä½¿ç”¨è£å‰ªæ–‡æœ¬ n- Web s ub åŒæ­¥è¡¥é½æ¥å£é¿å…å¼€å‘æ€æŠ¥é”™ n- æ–‡æ¡£ï¼šæ›´æ–° å†å²ä¼šè¯å’Œä¼šè¯èƒ½åŠ›å‡çº§.md å˜æ›´è®°å½•	11	749	12		main;	origin/HEAD;origin/main;	yes	no
4b9bb00	2025-09-04T02:15:06+08:00	codex-cli	perf	ios-startup	no	perf(ios-s ar up): ç«‹å³éšè—å¯åŠ¨å±ä»¥æ¶ˆé™¤é¦–æ¬¡ç‚¹å‡»è¾“å…¥æ¡†çš„å»¶è¿Ÿ	2	10	6		main;	origin/HEAD;origin/main;	yes	no
d895a13	2025-09-04T02:05:49+08:00	codex-cli	fix	ios-first-collapse	no	fix(ios-firs -collapse): é¦–æ¬¡æ”¶ç¼©åœ¨é”®ç›˜å¯è§æ—¶ä¹Ÿä¸Šç§»è¾“å…¥æ¡†ä¸ºæµ®çª—é¢„ç•™ç©ºé—´ï¼ˆä»…ä¸€æ¬¡ï¼‰	2	23	4		main;	origin/HEAD;origin/main;	yes	no
9ec8afe	2025-09-04T02:00:37+08:00	codex-cli	chore	ref	no	chore(ref): rever  unin ended changes  o ref/s elloracle-home. sx (no func ional impac )	1	2	14		main;	origin/HEAD;origin/main;	yes	no
1ed95eb	2025-09-04T01:59:30+08:00	codex-cli	fix	ios-first-collapse	no	fix(ios-firs -collapse): ä»…ä¿®å¤é¦–æ¬¡æ”¶ç¼©çš„å¯¹é½	4	27	2		main;	origin/HEAD;origin/main;	yes	no
40de917	2025-09-04T01:42:52+08:00	codex-cli	fix	ios	no	fix(ios): ä»…é¦–æ¬¡æ”¶ç¼©å»¶è¿Ÿç”±è¾“å…¥æ¡†å®é™…ä½ç½®é©±åŠ¨å¯¹é½ï¼Œä¹‹åä¿æŒåŸé€»è¾‘	2	74	15		main;	origin/HEAD;origin/main;	yes	no
08bdbb9	2025-09-04T01:36:26+08:00	codex-cli	other		no	Rever  "fix(ios): ä¿®æ­£æ”¶ç¼©å®šä½å…¬å¼ä¸ºâ€˜æµ®çª—åœ¨è¾“å…¥æ¡†ä¸Šæ–¹â€™å¹¶éšå®é™…ä½ç½®è”åŠ¨"	2	11	13		main;	origin/HEAD;origin/main;	yes	no
2c35362	2025-09-04T01:34:55+08:00	codex-cli	fix	ios	no	fix(ios): ä¿®æ­£æ”¶ç¼©å®šä½å…¬å¼ä¸ºâ€˜æµ®çª—åœ¨è¾“å…¥æ¡†ä¸Šæ–¹â€™å¹¶éšå®é™…ä½ç½®è”åŠ¨	3	15	11		main;	origin/HEAD;origin/main;	yes	no
8b41562	2025-09-04T01:29:03+08:00	codex-cli	fix	ios	no	fix(ios): é¦–æ¬¡æ”¶ç¼©æœªå¯¹é½é—®é¢˜ â€” ç›‘å¬è¾“å…¥æ¡†å®é™…ä½ç½®å¹¶åŒæ­¥å¯¹é½	3	38	9		main;	origin/HEAD;origin/main;	yes	no
10ad80a	2025-09-04T01:24:11+08:00	codex-cli	feat	ios	no	fea (ios): ä¸ºè¾“å…¥æ¡†ä¸å¯¹è¯æµ®çª—åŠ å…¥æŸ”å’Œä½ç§»åŠ¨ç”»	3	25	6		main;	origin/HEAD;origin/main;	yes	no
b21a241	2025-09-04T01:19:53+08:00	codex-cli	fix		no	fix: ç»Ÿä¸€AIå¯¹è¯ç³»ç»ŸPromp å¹¶æ³¨å…¥åŸç”Ÿ	5	63	43		main;	origin/HEAD;origin/main;	yes	no
28e72a4	2025-09-04T00:57:52+08:00	codex-cli	fix		no	fix: ä¿®å¤é¦–æ¬¡ç¼©å°æ—¶è¾“å…¥æ¡†æ— æ³•è¢«é”®ç›˜é¡¶èµ·çš„é—®é¢˜	3	9223372036854775807	39		main;	origin/HEAD;origin/main;	yes	no
bd74745	2025-09-04T00:32:00+08:00	codex-cli	chore		no	chore: checkpoin  â€” æµ®çª—æ ·å¼ä¸è¾“å…¥æ¡†ä¸€è‡´ï¼ˆbg-gray-900 + border-gray-800ï¼‰ï¼›ä¿®å¤æ®‹ä½™æ¸å˜å¼•ç”¨ç¼–è¯‘é”™è¯¯	0	0	0		main;	origin/HEAD;origin/main;	yes	no
000f16c	2025-09-04T00:26:54+08:00	codex-cli	style	overlay	no	s yle(overlay): ma ch Inpu Drawer s yle (bg-gray-900 + border-gray-800), remove gradien 	2	151	36		main;	origin/HEAD;origin/main;	yes	no
c07f315	2025-09-04T00:00:45+08:00	codex-cli	chore		no	chore: checkpoin  â€” å¢åŠ æ—‹è½¬S aråŠ è½½åŠ¨ç”»ï¼›å­˜åœ¨è§†è§‰é‡å ä¸å¶å‘bugï¼ˆå¾…ä¼˜åŒ–ï¼‰	1	1	0		main;	origin/HEAD;origin/main;	yes	no
fc2a0ab	2025-09-03T23:38:50+08:00	codex-cli	chore		no	chore: checkpoin  â€” å¯¹è¯åŸºæœ¬é—®é¢˜å·²ä¿®å¤ï¼›promp  è¢«ä¿®æ”¹ã€æµå¼æœªå®Œå…¨æ¢å¤ã€å¶å‘è‹±æ–‡å›å¤ï¼ˆå¾…è·Ÿè¿›ï¼‰	0	0	0		main;	origin/HEAD;origin/main;	yes	no
10d605e	2025-09-03T23:23:48+08:00	codex-cli	fix	build	no	fix(build): remove direc  Conversa ionS ore references from plugin; use manager wrappers	3	141	51		main;	origin/HEAD;origin/main;	yes	no
801b436	2025-09-03T23:13:36+08:00	codex-cli	feat	M2	no	fea (M2): logging + conversa ion bridge + his ory load	4	37	0		main;	origin/HEAD;origin/main;	yes	no
65b1d18	2025-09-03T23:09:01+08:00	codex-cli	feat	conversation	no	fea (conversa ion): add Conversa ionS ore; expose sys em promp  + his ory APIs; include sys em promp  + con ex  window in na ive s ream	4	144	7		main;	origin/HEAD;origin/main;	yes	no
2fa3e68	2025-09-03T22:59:28+08:00	codex-cli	fix	ios/js	no	fix(ios/js): correc  plugin usage in App. sx; ensure assis an  placeholder exis s; s ar  replay af er inser  anima ion	2	15	7		main;	origin/HEAD;origin/main;	yes	no
204d367	2025-09-03T22:54:56+08:00	codex-cli	fix	ios	no	fix(ios): - Preserve previous AI messages by no  rese  ing UI messages from JS param; only append new user row in s ar Na iveS reaming - S ar  gradual replay (beginAIReplayAf erAnima ion) af er inser  anima ion  o show s reaming effec  - Show loading indica or for AI emp y  ex  in MessageTableViewCell - Use upda ed Zus and s a e in App. sx; remove conflic ing pre-render na ive upda eMessages in na ive pa h	1	37	19		main;	origin/HEAD;origin/main;	yes	no
49621c0	2025-09-03T22:50:30+08:00	codex-cli	chore		no	chore: checkpoin  â€” ä¿®å¤åŸç”Ÿå‘æ¶ˆæ¯ä¸æ˜¾ç¤ºï¼›AIå›å¤è¢«é¡¶æ‰ï¼Œä¸”æ— æµå¼è¾“å‡ºï¼ˆå¾…ä¿®å¤ï¼‰	0	0	0		main;	origin/HEAD;origin/main;	yes	no
9577657	2025-09-03T22:46:50+08:00	codex-cli	refactor	send	no	refac or(send): remove pre-render na ive upda eMessages; use fresh Zus and s a e for s ar Na iveS ream	1	9	11		main;	origin/HEAD;origin/main;	yes	no
a49a8d1	2025-09-03T22:37:36+08:00	codex-cli	fix	send	no	fix(send): use fresh Zus and s a e af er addUserMessage for na ive boo s rap and conversa ion	1	13	8		main;	origin/HEAD;origin/main;	yes	no
2da6073	2025-09-03T22:24:31+08:00	codex-cli	fix	ui	no	fix(ui): push user+AI placeholder  o na ive overlay before s ar ing s ream	1	4	0		main;	origin/HEAD;origin/main;	yes	no
b4b0d92	2025-09-03T02:25:18+08:00	codex-cli	fix	fallback	no	fix(fallback): ensure messages visible by JS fallback s reaming  o na ive when s ar Na iveS ream fails	1	23	1		main;	origin/HEAD;origin/main;	yes	no
6e5f467	2025-09-03T02:20:03+08:00	codex-cli	chore	native-stream	no	chore(na ive-s ream): no-op JS na iveCha Overlay.upda eMessages when na ive s reaming enabled	1	4	0		main;	origin/HEAD;origin/main;	yes	no
8f49f10	2025-09-03T02:15:41+08:00	codex-cli	fix	ios	no	fix(ios): use oldMessages.coun   o de ec  inser  vs s ream in VC.upda eMessages	1	2	2		main;	origin/HEAD;origin/main;	yes	no
d7392ac	2025-09-03T02:06:04+08:00	codex-cli	fix	ios	no	fix(ios): ensure user message visible even when inser  anima ion no   riggered	1	5	1		main;	origin/HEAD;origin/main;	yes	no
31d2dba	2025-09-03T01:56:24+08:00	codex-cli	fix	ios	no	fix(ios): rese  anima ion s a e  o idle af er na ive s ream comple es	1	11	0		main;	origin/HEAD;origin/main;	yes	no
26a7f91	2025-09-03T01:54:32+08:00	codex-cli	fix	ios	no	fix(ios): idle-only guarded inser  anima ion a  na ive s ream s ar 	1	13	5		main;	origin/HEAD;origin/main;	yes	no
6b6f644	2025-09-03T01:52:29+08:00	codex-cli	feat	ios	no	fea (ios):  rigger user inser  anima ion a  na ive s ream s ar 	1	19	0		main;	origin/HEAD;origin/main;	yes	no
e9712be	2025-09-03T01:49:29+08:00	codex-cli	feat	native-stream	no	fea (na ive-s ream): swi ch iOS cha   o na ive S reamingClien 	3	54	119		main;	origin/HEAD;origin/main;	yes	no
1e3e82a	2025-09-03T01:40:03+08:00	codex-cli	chore		no	chore: checkpoin  â€” å½“å‰ä¿ç•™3D/ä¸»é¡µåŠ¨ç”»ä¿®å¤ï¼›é¦–æ¡æ¶ˆæ¯å‘é€ä»æœ‰åŒé‡å‘é€/æ‰“æ–­é—®é¢˜ï¼Œå…¶ä»–é—®é¢˜åŸºæœ¬æ­£å¸¸	0	0	0		main;	origin/HEAD;origin/main;	yes	no
7b4760a	2025-09-03T01:34:52+08:00	codex-cli	revert	send	no	rever (send): align user send anima ion  rigger wi h 9e1a3a8 logic	1	10	36		main;	origin/HEAD;origin/main;	yes	no
ede2dd7	2025-09-03T01:29:08+08:00	codex-cli	fix	ios	no	fix(ios): resolve Anima ionS a e  ype ambigui y; compare agains  .userAnima ing using qualified defaul  s a e	1	3	3		main;	origin/HEAD;origin/main;	yes	no
436c845	2025-09-03T01:26:00+08:00	codex-cli	fix	ios	no	fix(ios): always anima e user sends even during AI s reaming	2	502	1		main;	origin/HEAD;origin/main;	yes	no
ac44054	2025-09-03T01:06:20+08:00	codex-cli	fix	ios	no	fix(ios): ga e firs  user send anima ion un il layou  expansion comple es	1	34	10		main;	origin/HEAD;origin/main;	yes	no
16fd9a4	2025-09-03T01:02:06+08:00	codex-cli	fix		no	fix: iOS background 3D scaling anima ion	3	79	70		main;	origin/HEAD;origin/main;	yes	no
8cd7eee	2025-09-03T00:11:40+08:00	codex-cli	fix		no	fix: åˆæ­¥ä¿®å¤èŠå¤©æµ®çª—æ®‹å½±é—®é¢˜	2	14	0		main;	origin/HEAD;origin/main;	yes	no
9e1a3a8	2025-09-02T21:38:17+08:00	codex-cli	fix		no	fix: ä¿®å¤æµå¼è¾“å‡ºå’ŒåŠ¨ç”»é‡å¤é—®é¢˜çš„ç»¼åˆè§£å†³æ–¹æ¡ˆ	7	796	17		main;	origin/HEAD;origin/main;	yes	no
b2dd330	2025-09-02T02:39:16+08:00	codex-cli	feat	stream	no	fea (s ream): ensure per-char s reaming  o na ive via appendAIChunk fallback  o upda eLas AI; add periodic bea  sync; fix Inpu Drawer visibili y	3	88	24		main;	origin/HEAD;origin/main;	yes	no
97483d5	2025-09-02T02:24:38+08:00	codex-cli	chore		no	chore: snapsho  af er Inpu Drawer visibili y safeguards and AGENTS.md	9	529	76		main;	origin/HEAD;origin/main;	yes	no
b02d420	2025-09-01T23:13:42+08:00	codex-cli	other		no	åŸºäºiCha GPTè®¾è®¡ä¼˜åŒ–æµå¼è¾“å‡ºå®ç°	4	46	17		main;	origin/HEAD;origin/main;	yes	no
d80919a	2025-09-01T22:40:00+08:00	codex-cli	other		no	ä¿®å¤Swif ç¼–è¯‘é”™è¯¯ï¼šçŠ¶æ€æœºå±æ€§å¼•ç”¨é—®é¢˜	1	19	17		main;	origin/HEAD;origin/main;	yes	no
23fb004	2025-09-01T22:34:35+08:00	codex-cli	other		no	ä¼˜åŒ–ï¼šä»æ—¶é—´é™åˆ¶æ”¹ä¸ºçŠ¶æ€æœºæœºåˆ¶ï¼Œé¿å…æç«¯æ¡ˆä¾‹	2	60	27		main;	origin/HEAD;origin/main;	yes	no
56d1292	2025-09-01T22:31:52+08:00	codex-cli	other		no	ä¿®å¤åŸç”Ÿå¯¹è¯æ¡†å‘é€åŠ¨ç”»é‡å¤å’Œæµå¼è¾“å‡ºå†²çªé—®é¢˜	3	150	16		main;	origin/HEAD;origin/main;	yes	no
76e9cb5	2025-09-01T22:29:15+08:00	codex-cli	other		no	cursorä¿®å¤ä¹‹å‰ - ä¿å­˜å½“å‰ç‰ˆæœ¬ç”¨äºé—®é¢˜åˆ†æ	1	153	31		main;	origin/HEAD;origin/main;	yes	no
c631692	2025-09-01T01:12:36+08:00	codex-cli	chore		no	chore: snapsho  af er anima ion fix 2025-08-31T17:12:35Z	6	5805	39	snapshot-20250831-171235;	main;	origin/HEAD;origin/main;	yes	no
d658b5d	2025-08-31T18:49:49+08:00	codex-cli	chore		no	chore: snapsho  before Codex changes 2025-08-31T10:49:49Z	2	94	154	pre-codex-20250831-104949;	main;	origin/HEAD;origin/main;	yes	no
4c1c144	2025-08-30T23:46:08+08:00	pot	other		no	ğŸš€ å½»åº•è§£å†³Cha OverlayåŒé‡åŠ¨ç”»é—®é¢˜ - å¤šå±‚æ¬¡æ¶æ„ä¼˜åŒ–	10	753	146		main;	origin/HEAD;origin/main;	yes	no
0aeade3	2025-08-30T01:11:51+08:00	pot	other		no	ğŸ¯ ä¼˜åŒ–Cha Overlayäº¤äº’ä½“éªŒ - å®Œå–„æ»‘åŠ¨æ”¶èµ·å’ŒåŠ¨ç”»æ•ˆæœ	4	213	41		main;	origin/HEAD;origin/main;	yes	no
4c2aee7	2025-08-30T00:34:17+08:00	pot	other		no	ğŸ› ä¿®å¤ç¬¬ä¸€æ¬¡ç¼©å°æµ®çª—ä½ç½®å¼‚å¸¸bug - æ·»åŠ æ—¶åºæ§åˆ¶ç¡®ä¿ä½ç½®è®¡ç®—å‡†ç¡®	2	28	8		main;	origin/HEAD;origin/main;	yes	no
c6e946f	2025-08-30T00:19:18+08:00	pot	other		no	ğŸ¯ å®Œå–„Cha Overlayå’ŒInpu Drawerå®šä½ç³»ç»Ÿ - é™ä½æ•´ä½“é«˜åº¦50px	5	730	97		main;	origin/HEAD;origin/main;	yes	no
595b768	2025-08-28T23:53:56+08:00	pot	other		no	ğŸ¯ è§£å†³è§¦æ‘¸äº‹ä»¶ç©¿é€é—®é¢˜ - å®ç°Pass hroughWindowæ™ºèƒ½è§¦æ‘¸å¤„ç†	10	1304	50		main;	origin/HEAD;origin/main;	yes	no
578982f	2025-08-28T00:48:10+08:00	pot	other		no	ğŸ¯ ä¿®å¤Cha OverlayåŸç”Ÿæ’ä»¶æ¶ˆæ¯åŒæ­¥å’ŒAIå¯¹è¯é€»è¾‘	6	579254	350		main;	origin/HEAD;origin/main;	yes	no
64824c9	2025-08-27T23:03:59+08:00	pot	other		no	ğŸ“ æ›´æ–°CLAUDE.mdæ„å»ºæŒ‡ä»¤ - æ·»åŠ Xcodeè‡ªåŠ¨åŒ–å‘½ä»¤	1	4	1		main;	origin/HEAD;origin/main;	yes	no
d0a107c	2025-08-27T23:03:08+08:00	pot	other		no	ğŸ¯ Cha OverlayåŸç”Ÿæ’ä»¶æ ¸å¿ƒåŠŸèƒ½å®Œæˆ - è§£å†³ä¸‰å¤§é—®é¢˜	2	495	31		main;	origin/HEAD;origin/main;	yes	no
1624d53	2025-08-27T02:30:37+08:00	pot	other		no	ğŸ“ æ¸…ç†å†å²æ–‡æ¡£å’Œè°ƒè¯•ä»£ç 	9	1626	1643		main;	origin/HEAD;origin/main;	yes	no
ac5ab2f	2025-08-27T02:29:52+08:00	pot	other		no	âœ… Cha OverlayåŒæ–‡ä»¶æ¶æ„å®Œæˆ - åˆ é™¤æ‰€æœ‰æµ‹è¯•UI	117	6779	856		main;	origin/HEAD;origin/main;	yes	no
3ff0401	2025-08-27T01:54:21+08:00	pot	other		no	åˆæ­¥è·‘é€šswif åŸç”Ÿæ’ä»¶	23	3105	35		main;	origin/HEAD;origin/main;	yes	no
5de8d6b	2025-08-25T02:08:28+08:00	pot	other		no	ğŸ¯ è¾“å…¥æ¡†åŸç”ŸåŒ–ä¼˜åŒ–å®Œæˆ - è¿ˆå‘æ··åˆæ¶æ„	12	16030	403		main;	origin/HEAD;origin/main;	yes	no
ca82a1c	2025-08-25T01:01:18+08:00	pot	other		no	ä¼˜åŒ–è¾“å…¥æ¡†å“åº”é€Ÿåº¦ - è§£è€¦èšç„¦è¡Œä¸ºå’Œæµ®çª—åŠ¨ç”»	9	611	197		main;params-lock-7ec8266;	origin/HEAD;origin/main;	yes	no
5b1b510	2025-08-24T13:49:56+08:00	pot	other		no	ä¼˜åŒ–å¯¹è¯æµ®çª—UIå’Œäº¤äº’ä½“éªŒ	2	32	26		main;params-lock-7ec8266;	origin/HEAD;origin/main;	yes	no
84c9d73	2025-08-24T04:09:51+08:00	pot	other		no	å¢åŠ å¯¹è¯æµ®çª—åŠŸèƒ½	3	311	305		main;params-lock-7ec8266;	origin/HEAD;origin/main;	yes	no
6dbe319	2025-08-23T15:29:27+08:00	pot	other		no	é‡æ„å¯¹è¯æ¶æ„ - åˆ†ç¦»ä¸»é¡µå’Œå¯¹è¯åŠŸèƒ½	3	451	133		main;params-lock-7ec8266;	origin/HEAD;origin/main;	yes	no
1a5f090	2025-08-23T14:55:27+08:00	pot	other		no	ä¿®å¤èŠå¤©æ—¶èƒŒæ™¯ç‚¹å‡»é—®é¢˜å’Œå­—ä½“å¤§å°ä¸€è‡´æ€§	3	61	20		main;params-lock-7ec8266;	origin/HEAD;origin/main;	yes	no
50bbad0	2025-08-23T13:11:14+08:00	pot	other		no	å®Œå–„è§‰å¯ŸåŠ¨ç”»ä½ç½®å’Œå¸ƒå±€ä¼˜åŒ–	5	246	6		main;params-lock-7ec8266;	origin/HEAD;origin/main;	yes	no
224c32d	2025-08-23T02:39:50+08:00	pot	other		no	é‡æ–°è®¾è®¡è§‰å¯Ÿå›¾æ ‡ - ä½¿ç”¨æ˜Ÿæ˜ŸåŠ¨ç”»è®¾è®¡	1	201	113		main;params-lock-7ec8266;	origin/HEAD;origin/main;	yes	no
f6c2736	2025-08-23T02:33:43+08:00	pot	other		no	ä¿®å¤è§‰å¯ŸåŠŸèƒ½çš„æ‰€æœ‰é—®é¢˜	3	73	27		main;params-lock-7ec8266;	origin/HEAD;origin/main;	yes	no
b251e86	2025-08-23T02:06:35+08:00	pot	other		no	å®ç°è§‰å¯ŸåŠŸèƒ½å®Œæ•´ä½“ç³»	11	1944	9		main;params-lock-7ec8266;	origin/HEAD;origin/main;	yes	no
40d71be	2025-08-23T01:52:20+08:00	pot	other		no	å®ç°å¤šè½®å¯¹è¯åŠŸèƒ½å’Œæ–‡æœ¬æ ¼å¼ä¼˜åŒ–	4	120	10		main;params-lock-7ec8266;	origin/HEAD;origin/main;	yes	no
f2fcc58	2025-08-23T00:56:24+08:00	pot	other		no	ä¼˜åŒ–æµå¼è¾“å‡ºUIä½“éªŒå’ŒèŠå¤©ç•Œé¢	5	202	69		main;params-lock-7ec8266;	origin/HEAD;origin/main;	yes	no
880032e	2025-08-22T21:52:32+08:00	pot	other		no	å®ç°æµå¼AIå›å¤è¾“å‡ºåŠŸèƒ½	6	276	53		main;params-lock-7ec8266;	origin/HEAD;origin/main;	yes	no
cdc6486	2025-08-22T21:31:14+08:00	pot	other		no	ä¿®å¤AIåŠŸèƒ½ - è§£å†³ç¯å¢ƒå˜é‡è¯»å–å’ŒAPIè°ƒç”¨é—®é¢˜	3	216	155		main;params-lock-7ec8266;	origin/HEAD;origin/main;	yes	no
d7293af	2025-08-21T23:47:08+08:00	pot	other		no	æ¥å…¥çœŸå®AI APIåˆ°èŠå¤©ç³»ç»Ÿ	2	23	16		main;params-lock-7ec8266;	origin/HEAD;origin/main;	yes	no
e9b7a6f	2025-08-21T23:35:45+08:00	pot	other		no	è¿›ä¸€æ­¥ä¼˜åŒ–ä¸»æ˜Ÿæ˜Ÿå‡ºç°é€Ÿåº¦ - å»¶è¿Ÿè®¾ä¸º0	1	1	1		main;params-lock-7ec8266;	origin/HEAD;origin/main;	yes	no
5f1b7a3	2025-08-21T23:25:36+08:00	pot	other		no	åŠ å¿«çµæ„Ÿå¡ç‰‡ä¸»æ˜Ÿæ˜Ÿå‡ºç°é€Ÿåº¦	1	2	2		main;params-lock-7ec8266;	origin/HEAD;origin/main;	yes	no
6ed8040	2025-08-21T23:19:34+08:00	pot	other		no	ä¿®å¤çµæ„Ÿå¡ç‰‡ç¿»è½¬ä¸å¯é€†é—®é¢˜	1	5	2		main;params-lock-7ec8266;	origin/HEAD;origin/main;	yes	no
6654625	2025-08-21T22:57:12+08:00	pot	other		no	ä¿®å¤èƒŒæ™¯æ˜Ÿæ˜ŸçŠ¶æ€åˆ‡æ¢å¯¼è‡´çš„è§†è§‰è·³å˜é—®é¢˜	1	9	10		main;params-lock-7ec8266;	origin/HEAD;origin/main;	yes	no
e8a2232	2025-08-21T22:28:09+08:00	pot	other		no	ä¼˜åŒ–çµæ„Ÿå¡ç‰‡åŠ¨ç”»æ—¶åº - èƒŒæ™¯æ˜Ÿæ˜Ÿåœ¨ä¸»æ˜Ÿæ˜Ÿå®Œæˆåå¼€å§‹	1	2	2		main;params-lock-7ec8266;	origin/HEAD;origin/main;	yes	no
27f6d0f	2025-08-21T03:06:05+08:00	pot	other		no	ä¿®å¤çµæ„Ÿå¡ç‰‡æ˜Ÿæ˜Ÿä¸Šä¸‹ä½ç§»é—®é¢˜	1	2	3		main;params-lock-7ec8266;	origin/HEAD;origin/main;	yes	no
0754276	2025-08-21T02:56:53+08:00	pot	other		no	ä¿®å¤èƒŒæ™¯æ˜Ÿæ˜Ÿå¾®å°ä½ç§»é—®é¢˜	1	1	2		main;params-lock-7ec8266;	origin/HEAD;origin/main;	yes	no
9d66576	2025-08-21T02:54:29+08:00	pot	other		no	ä¿®å¤çµæ„Ÿå¡ç‰‡èƒŒæ™¯æ˜Ÿæ˜Ÿä½ç½®è·³å˜é—®é¢˜	1	32	11		main;params-lock-7ec8266;	origin/HEAD;origin/main;	yes	no
1dd6d46	2025-08-21T02:51:50+08:00	pot	other		no	ä¼˜åŒ–çµæ„Ÿå¡ç‰‡åŠ¨ç”»æ€§èƒ½ - åˆ†é˜¶æ®µåŠ è½½åŠ¨ç”»	1	27	17		main;params-lock-7ec8266;	origin/HEAD;origin/main;	yes	no
64c14df	2025-08-21T02:48:17+08:00	pot	other		no	ä¿®å¤çµæ„Ÿå¡ç‰‡ç¿»è½¬æ—¶è‡ªåŠ¨å¼¹å‡ºé”®ç›˜çš„é—®é¢˜	3	219	9		main;params-lock-7ec8266;	origin/HEAD;origin/main;	yes	no
641caf2	2025-08-21T02:45:58+08:00	pot	other		no	ä¿®æ”¹ä¸»å±å¹•ç‚¹å‡»äº¤äº’ï¼Œå¤ç”¨å³é”®å‡ºæ˜Ÿå¡é€»è¾‘	1	5	11		main;params-lock-7ec8266;	origin/HEAD;origin/main;	yes	no
4f1653d	2025-08-21T02:41:49+08:00	pot	other		no	ä¼˜åŒ–ç•Œé¢äº¤äº’ä½“éªŒï¼Œç¦ç”¨ä¸å¿…è¦çš„é•¿æŒ‰å¤åˆ¶åŠŸèƒ½	3	26	5		main;params-lock-7ec8266;	origin/HEAD;origin/main;	yes	no
f745e44	2025-08-21T02:36:44+08:00	pot	other		no	å®ç°é¦–é¡µå¯¹è¯æ¡†åŠŸèƒ½å¹¶é›†æˆæ¨¡æ‹ŸAIå›å¤	8	302	8		main;params-lock-7ec8266;	origin/HEAD;origin/main;	yes	no
0f73b2a	2025-08-21T02:18:05+08:00	pot	other		no	å®Œæˆå­—ä½“ç³»ç»Ÿç»Ÿä¸€ï¼Œå‡†å¤‡è¿›ä¸€æ­¥ä¼˜åŒ–è¾“å…¥æ¡†é€»è¾‘	2	2	2		main;params-lock-7ec8266;	origin/HEAD;origin/main;	yes	no
47c905e	2025-08-21T02:02:37+08:00	pot	other		no	å®ç°iOSé”®ç›˜ä¸è¾“å…¥æ¡†åŒæ­¥å¼¹èµ·ä¼˜åŒ–	3	142	2		main;params-lock-7ec8266;	origin/HEAD;origin/main;	yes	no
889e75e	2025-08-21T01:59:16+08:00	pot	other		no	ç§»é™¤æŠ½å±‰èœå•å›¾æ ‡å¹¶ä¼˜åŒ–iOSé”®ç›˜äº¤äº’	4	108	29		main;params-lock-7ec8266;	origin/HEAD;origin/main;	yes	no
8e45863	2025-08-21T01:31:11+08:00	pot	other		no	Localize S ar Collec ion  o é›†æ˜Ÿ and remove drawer menu border	3	18	30		main;params-lock-7ec8266;	origin/HEAD;origin/main;	yes	no
9878f10	2025-08-21T00:46:52+08:00	pot	other		no	ä¿®å¤äº†å·¦ä¾§æŠ½å±‰æŒ‰é’®é‡Œé¢çš„æ–‡å­—é¡¶éƒ¨çš„é«˜åº¦	1	10	2		main;params-lock-7ec8266;	origin/HEAD;origin/main;	yes	no
3d823de	2025-08-21T00:44:00+08:00	pot	other		no	è°ƒæ•´äº†æ‰€æœ‰æŒ‰é’®çš„æ•ˆæœ	4	37	7		main;params-lock-7ec8266;	origin/HEAD;origin/main;	yes	no
c7c9f3e	2025-08-21T00:32:51+08:00	pot	other		no	Op imize Header posi ioning  o perfec ly align wi h Dynamic Island	6	2092	55		main;params-lock-7ec8266;	origin/HEAD;origin/main;	yes	no
47be20f	2025-08-20T23:13:55+08:00	pot	other		no	Fix drawer menu close bu  on  o ma ch invisible bu  on s yle	1	2	2		main;params-lock-7ec8266;	origin/HEAD;origin/main;	yes	no
2c3e9b4	2025-08-20T23:12:10+08:00	pot	other		no	Remove bu  on background color changes, keep only con en  color  ransi ions	3	41	30		main;params-lock-7ec8266;	origin/HEAD;origin/main;	yes	no
682f0d0	2025-08-20T23:03:39+08:00	pot	other		no	Unify bu  on s yles across  he applica ion	1	16	13		main;params-lock-7ec8266;	origin/HEAD;origin/main;	yes	no
0b07dab	2025-08-20T22:58:46+08:00	pot	other		no	Fix drawer menu s yling  o ma ch cosmic  heme	1	27	19		main;params-lock-7ec8266;	origin/HEAD;origin/main;	yes	no
6b66caf	2025-08-20T22:55:15+08:00	pot	other		no	Move Templa e bu  on func ionali y  o drawer menu	2	13	14		main;params-lock-7ec8266;	origin/HEAD;origin/main;	yes	no
5e6f029	2025-08-20T22:48:31+08:00	pot	other		no	Implemen  new header layou  wi h drawer menu and logo bu  on	3	532	464		main;params-lock-7ec8266;	origin/HEAD;origin/main;	yes	no
74d1d93	2025-08-20T03:04:29+08:00	pot	other		no	Remove plus bu  on from inpu  bars for cleaner design	2	2	31		main;params-lock-7ec8266;	origin/HEAD;origin/main;	yes	no
2bf00b8	2025-08-20T02:50:08+08:00	pot	other		no	Remove inpu  border s yling  o ma ch reference design	1	9	0		main;params-lock-7ec8266;	origin/HEAD;origin/main;	yes	no
419a890	2025-08-20T02:36:07+08:00	pot	other		no	Fix iOS Safari bu  on s yling wi h dialog- ransparen -bu  on CSS class	3	63	14		main;params-lock-7ec8266;	origin/HEAD;origin/main;	yes	no
7eed6f8	2025-08-20T02:09:44+08:00	pot	other		no	FINAL FIX: Remove conflic ing CSS padding rules  ha  broke bu  on s yling	4	1443	61		main;params-lock-7ec8266;	origin/HEAD;origin/main;	yes	no
2b6e2ec	2025-08-20T01:15:26+08:00	pot	other		no	Ul ima e fix for iOS Conversa ionDrawer bu  on issues: Perfec  circles and  ransparen  backgrounds	3	8	6		main;params-lock-7ec8266;	origin/HEAD;origin/main;	yes	no
9ab5d72	2025-08-20T01:08:52+08:00	pot	other		no	Op imize Conversa ionDrawer: Merge DarkInpu Bar design wi h iOS compa ibili y	2	1	1		main;params-lock-7ec8266;	origin/HEAD;origin/main;	yes	no
0a965e0	2025-08-20T01:06:23+08:00	pot	other		no	Add code-fine and diff commands, prepare for conversa ion drawer fixes	18	30202	53		main;params-lock-7ec8266;	origin/HEAD;origin/main;	yes	no
a8474f7	2025-08-18T23:44:45+08:00	pot	other		no	Fix Conversa ionDrawer inpu  bar  ransparen  background - Phase 1	1	2	2		main;params-lock-7ec8266;	origin/HEAD;origin/main;	yes	no
092036c	2025-08-18T22:56:10+08:00	pot	other		no	Fix iOS S arCard alignmen  issues wi h Safari-specific op imiza ions	1	96	0		main;params-lock-7ec8266;	origin/HEAD;origin/main;	yes	no
9d0a923	2025-08-17T20:18:42+08:00	pot	other		no	Fix S arCard layou  alignmen  issues	1	65	1031		main;params-lock-7ec8266;	origin/HEAD;origin/main;	yes	no
d8f18b0	2025-08-17T15:32:51+08:00	pot	other		no	é‡æ–°å®‰è£…ä¾èµ–ä¹‹å‰ ä¸ºäº†ä½¿ç”¨capaci or ex ernal	47	72404	287		main;params-lock-7ec8266;	origin/HEAD;origin/main;	yes	no
994e555	2025-08-17T14:17:36+08:00	pot	other		no	Implemen  dark inpu  bar design for Conversa ionDrawer	2	279	122		main;params-lock-7ec8266;	origin/HEAD;origin/main;	yes	no
e73ca84	2025-08-17T02:25:21+08:00	pot	other		no	Fix Xcode compa ibili y issues and upda e dependencies	1	16881	0		main;params-lock-7ec8266;	origin/HEAD;origin/main;	yes	no
bc61bd3	2025-08-17T02:01:17+08:00	pot	other		no	Save projec  s a e before fixing Xcode compa ibili y issues	2	9868	664		main;params-lock-7ec8266;	origin/HEAD;origin/main;	yes	no
